labor_id,presence,present_api_flag,present_local_flag,any_field_mismatch,mismatch_field_count,service_id_api,service_id_local,mismatch__service_id,created_at_api,created_at_local,mismatch__created_at,city_code_api,city_code_local,mismatch__city_code,department_code_api,department_code_local,mismatch__department_code,start_address_id_api,start_address_id_local,mismatch__start_address_id,start_address_point_api,start_address_point_local,mismatch__start_address_point,end_address_id_api,end_address_id_local,mismatch__end_address_id,end_address_point_api,end_address_point_local,mismatch__end_address_point,labor_type_api,labor_type_local,mismatch__labor_type,labor_name_api,labor_name_local,mismatch__labor_name,labor_category_api,labor_category_local,mismatch__labor_category,schedule_date_api,schedule_date_local,mismatch__schedule_date,labor_sequence_api,labor_sequence_local,mismatch__labor_sequence,address_id_api,address_id_local,mismatch__address_id,address_point_api,address_point_local,mismatch__address_point,state_api,service_schedule_date_api,city_name_api,department_name_api,location_resolution_status_api,payload_labor_schedule_date_api,assigned_driver_api,actual_start_api,actual_end_api,shop_id_api,shop_address_id_api,shop_address_point_api,source_department_dir_api,alfred_local,shop_local,labor_created_at_local,labor_start_date_local,labor_end_date_local
495284,both,1,1,False,0,391861,391861,False,2026-01-27T08:47:56.024886-05:00,2026-01-27T08:47:56.024000-05:00,False,149,149,False,25,25,False,186811,186811,False,POINT (-74.0676022 4.6182478),POINT (-74.0676022 4.6182478),False,28798,28798,False,POINT (-74.08720430000001 4.6760977),POINT (-74.08720430000001 4.6760977),False,12,12,False,Alfred Initial Transport,Alfred Initial Transport,False,VEHICLE_TRANSPORTATION,VEHICLE_TRANSPORTATION,False,2026-02-24T08:00:00-05:00,2026-02-24T08:00:00-05:00,False,1,1,False,,,False,,,False,TO_BE_CONFIRMED,2026-02-24T08:00:00-05:00,BOGOTA D.C.,CUNDINAMARCA,resolved,2026-02-24T08:00:00-05:00,11714,,,,,,25,,,2026-01-27T08:47:56.099000-05:00,,
495534,both,1,1,False,0,392107,392107,False,2026-01-27T12:06:29.830574-05:00,2026-01-27T12:06:29.830000-05:00,False,149,149,False,25,25,False,186867,186867,False,POINT (-74.14571839999999 4.6366725),POINT (-74.14571839999999 4.6366725),False,2,2,False,POINT (-74.028923 4.704466),POINT (-74.028923 4.704466),False,12,12,False,Alfred Initial Transport,Alfred Initial Transport,False,VEHICLE_TRANSPORTATION,VEHICLE_TRANSPORTATION,False,2026-02-25T09:00:00-05:00,2026-02-25T09:00:00-05:00,False,1,1,False,,,False,,,False,TO_BE_CONFIRMED,2026-02-25T09:00:00-05:00,BOGOTA D.C.,CUNDINAMARCA,resolved,2026-02-25T09:00:00-05:00,,,,,,,25,,,2026-01-27T12:06:29.899000-05:00,,
500567,both,1,1,False,0,397007,397007,False,2026-01-31T21:52:36.806281-05:00,2026-01-31T21:52:36.806000-05:00,False,1004,1004,False,76,76,False,183705,183705,False,POINT (-76.5215896 3.4536185),POINT (-76.5215896 3.4536185),False,183705,183705,False,POINT (-76.5215896 3.4536185),POINT (-76.5215896 3.4536185),False,12,12,False,Alfred Initial Transport,Alfred Initial Transport,False,VEHICLE_TRANSPORTATION,VEHICLE_TRANSPORTATION,False,2026-02-20T12:00:00-05:00,2026-02-20T12:00:00-05:00,False,1,1,False,,,False,,,False,TO_BE_CONFIRMED,2026-02-20T12:00:00-05:00,CALI,VALLE DEL CAUCA,resolved,2026-02-20T12:00:00-05:00,,,,,,,76,,,2026-01-31T21:52:36.867000-05:00,,
500568,both,1,1,True,3,397007,397007,False,2026-01-31T21:52:36.806281-05:00,2026-01-31T21:52:36.806000-05:00,False,1004,1004,False,76,76,False,183705,183705,False,POINT (-76.5215896 3.4536185),POINT (-76.5215896 3.4536185),False,183705,183705,False,POINT (-76.5215896 3.4536185),POINT (-76.5215896 3.4536185),False,3,3,False,Wash and Polish,Wash and Polish,False,WASH_AND_POLISH,WASH_AND_POLISH,False,2026-02-20T12:30:00-05:00,2026-02-20T12:00:00-05:00,True,2,2,False,,114928.0,True,,POINT (-76.5313527 3.4197604),True,TO_BE_CONFIRMED,2026-02-20T12:00:00-05:00,CALI,VALLE DEL CAUCA,resolved,2026-02-20T12:30:00-05:00,,,,3539,114928,POINT (-76.5313527 3.4197604),76,,3539.0,2026-01-31T21:52:36.939000-05:00,,
500569,both,1,1,True,1,397007,397007,False,2026-01-31T21:52:36.806281-05:00,2026-01-31T21:52:36.806000-05:00,False,1004,1004,False,76,76,False,183705,183705,False,POINT (-76.5215896 3.4536185),POINT (-76.5215896 3.4536185),False,183705,183705,False,POINT (-76.5215896 3.4536185),POINT (-76.5215896 3.4536185),False,2,2,False,Alfred Transport,Alfred Transport,False,VEHICLE_TRANSPORTATION,VEHICLE_TRANSPORTATION,False,2026-02-20T13:00:00-05:00,2026-02-20T12:00:00-05:00,True,3,3,False,,,False,,,False,TO_BE_CONFIRMED,2026-02-20T12:00:00-05:00,CALI,VALLE DEL CAUCA,resolved,2026-02-20T13:00:00-05:00,,,,,,,76,,,2026-01-31T21:52:36.996000-05:00,,
500894,both,1,1,False,0,397322,397322,False,2026-02-01T19:07:43.899074-05:00,2026-02-01T19:07:43.899000-05:00,False,126,126,False,8,8,False,93748,93748,False,POINT (-74.80476019999999 10.9994735),POINT (-74.80476019999999 10.9994735),False,93748,93748,False,POINT (-74.80476019999999 10.9994735),POINT (-74.80476019999999 10.9994735),False,12,12,False,Alfred Initial Transport,Alfred Initial Transport,False,VEHICLE_TRANSPORTATION,VEHICLE_TRANSPORTATION,False,2026-02-20T15:00:00-05:00,2026-02-20T15:00:00-05:00,False,1,1,False,,,False,,,False,TO_BE_CONFIRMED,2026-02-20T15:00:00-05:00,BARRANQUILLA,ATLANTICO,resolved,2026-02-20T15:00:00-05:00,,,,,,,8,,,2026-02-01T19:07:43.952000-05:00,,
500895,both,1,1,True,3,397322,397322,False,2026-02-01T19:07:43.899074-05:00,2026-02-01T19:07:43.899000-05:00,False,126,126,False,8,8,False,93748,93748,False,POINT (-74.80476019999999 10.9994735),POINT (-74.80476019999999 10.9994735),False,93748,93748,False,POINT (-74.80476019999999 10.9994735),POINT (-74.80476019999999 10.9994735),False,3,3,False,Wash and Polish,Wash and Polish,False,WASH_AND_POLISH,WASH_AND_POLISH,False,2026-02-20T15:30:00-05:00,2026-02-20T15:00:00-05:00,True,2,2,False,,101855.0,True,,POINT (-74.7995734 10.9959409),True,TO_BE_CONFIRMED,2026-02-20T15:00:00-05:00,BARRANQUILLA,ATLANTICO,resolved,2026-02-20T15:30:00-05:00,,,,1856,101855,POINT (-74.7995734 10.9959409),8,,1856.0,2026-02-01T19:07:44.011000-05:00,,
500896,both,1,1,True,1,397322,397322,False,2026-02-01T19:07:43.899074-05:00,2026-02-01T19:07:43.899000-05:00,False,126,126,False,8,8,False,93748,93748,False,POINT (-74.80476019999999 10.9994735),POINT (-74.80476019999999 10.9994735),False,93748,93748,False,POINT (-74.80476019999999 10.9994735),POINT (-74.80476019999999 10.9994735),False,2,2,False,Alfred Transport,Alfred Transport,False,VEHICLE_TRANSPORTATION,VEHICLE_TRANSPORTATION,False,2026-02-20T16:00:00-05:00,2026-02-20T15:00:00-05:00,True,3,3,False,,,False,,,False,TO_BE_CONFIRMED,2026-02-20T15:00:00-05:00,BARRANQUILLA,ATLANTICO,resolved,2026-02-20T16:00:00-05:00,,,,,,,8,,,2026-02-01T19:07:44.060000-05:00,,
501831,api_only,1,0,False,0,398197,,False,2026-02-03T10:10:12.658428-05:00,,False,149,,False,25,,False,188061,,False,POINT (-74.0231522 4.7378978),,False,188062,,False,POINT (-74.0457322 4.7525901),,False,12,,False,Alfred Initial Transport,,False,VEHICLE_TRANSPORTATION,,False,2026-02-27T07:00:00-05:00,,False,1,,False,,,False,,,False,TO_BE_CONFIRMED,2026-02-27T07:00:00-05:00,BOGOTA D.C.,CUNDINAMARCA,resolved,2026-02-27T07:00:00-05:00,3214,,,,,,25,,,,,
503021,both,1,1,False,0,399332,399332,False,2026-02-04T14:52:00.626317-05:00,2026-02-04T14:52:00.626000-05:00,False,1,1,False,5,5,False,188305,188305,False,POINT (-75.5724501 6.1627934),POINT (-75.5724501 6.1627934),False,117281,117281,False,POINT (-75.56979539999999 6.2198631),POINT (-75.56979539999999 6.2198631),False,12,12,False,Alfred Initial Transport,Alfred Initial Transport,False,VEHICLE_TRANSPORTATION,VEHICLE_TRANSPORTATION,False,2026-02-19T09:30:00-05:00,2026-02-19T09:30:00-05:00,False,1,1,False,,,False,,,False,REQUESTED,2026-02-19T09:30:00-05:00,MEDELLIN,ANTIOQUIA,resolved,2026-02-19T09:30:00-05:00,5455,,,,,,5,,,2026-02-04T14:52:00.687000-05:00,,
503024,both,1,1,False,0,399335,399335,False,2026-02-04T14:53:27.276355-05:00,2026-02-04T14:53:27.276000-05:00,False,1,1,False,5,5,False,117281,117281,False,POINT (-75.56979539999999 6.2198631),POINT (-75.56979539999999 6.2198631),False,188305,188305,False,POINT (-75.5724501 6.1627934),POINT (-75.5724501 6.1627934),False,12,12,False,Alfred Initial Transport,Alfred Initial Transport,False,VEHICLE_TRANSPORTATION,VEHICLE_TRANSPORTATION,False,2026-02-19T13:30:00-05:00,2026-02-19T13:30:00-05:00,False,1,1,False,,,False,,,False,REQUESTED,2026-02-19T13:30:00-05:00,MEDELLIN,ANTIOQUIA,resolved,2026-02-19T13:30:00-05:00,5455,,,,,,5,,,2026-02-04T14:53:27.330000-05:00,,
503120,both,1,1,False,0,399422,399422,False,2026-02-04T16:12:31.297741-05:00,2026-02-04T16:12:31.297000-05:00,False,149,149,False,25,25,False,125253,125253,False,POINT (-74.1188902 4.6992568),POINT (-74.1188902 4.6992568),False,125253,125253,False,POINT (-74.1188902 4.6992568),POINT (-74.1188902 4.6992568),False,12,12,False,Alfred Initial Transport,Alfred Initial Transport,False,VEHICLE_TRANSPORTATION,VEHICLE_TRANSPORTATION,False,2026-02-24T09:00:00-05:00,2026-02-24T09:00:00-05:00,False,2,2,False,,,False,,,False,TO_BE_CONFIRMED,2026-02-24T09:00:00-05:00,BOGOTA D.C.,CUNDINAMARCA,resolved,2026-02-24T09:00:00-05:00,,,,,,,25,,,2026-02-04T16:12:31.339000-05:00,,
503121,both,1,1,True,3,399422,399422,False,2026-02-04T16:12:31.297741-05:00,2026-02-04T16:12:31.297000-05:00,False,149,149,False,25,25,False,125253,125253,False,POINT (-74.1188902 4.6992568),POINT (-74.1188902 4.6992568),False,125253,125253,False,POINT (-74.1188902 4.6992568),POINT (-74.1188902 4.6992568),False,4,4,False,Tecnomecanica,Tecnomecanica,False,SAFETI_INSPECTION,SAFETI_INSPECTION,False,2026-02-24T12:30:00-05:00,2026-02-24T09:00:00-05:00,True,3,3,False,,178711.0,True,,POINT (-74.1554709 4.6832376),True,TO_BE_CONFIRMED,2026-02-24T09:00:00-05:00,BOGOTA D.C.,CUNDINAMARCA,resolved,2026-02-24T12:30:00-05:00,,,,4375,178711,POINT (-74.1554709 4.6832376),25,,4375.0,2026-02-04T16:12:31.379000-05:00,,
503122,both,1,1,True,1,399422,399422,False,2026-02-04T16:12:31.297741-05:00,2026-02-04T16:12:31.297000-05:00,False,149,149,False,25,25,False,125253,125253,False,POINT (-74.1188902 4.6992568),POINT (-74.1188902 4.6992568),False,125253,125253,False,POINT (-74.1188902 4.6992568),POINT (-74.1188902 4.6992568),False,2,2,False,Alfred Transport,Alfred Transport,False,VEHICLE_TRANSPORTATION,VEHICLE_TRANSPORTATION,False,2026-02-24T13:00:00-05:00,2026-02-24T09:00:00-05:00,True,4,4,False,,,False,,,False,TO_BE_CONFIRMED,2026-02-24T09:00:00-05:00,BOGOTA D.C.,CUNDINAMARCA,resolved,2026-02-24T13:00:00-05:00,,,,,,,25,,,2026-02-04T16:12:31.420000-05:00,,
503123,local_only,0,1,False,0,,399423,False,,2026-02-04T16:13:42.295000-05:00,False,,149,False,,25,False,,125253,False,,POINT (-74.1188902 4.6992568),False,,125253,False,,POINT (-74.1188902 4.6992568),False,,12,False,,Alfred Initial Transport,False,,VEHICLE_TRANSPORTATION,False,,2026-02-24T12:00:00-05:00,False,,1,False,,,False,,,False,,,,,,,,,,,,,,,,2026-02-04T16:13:42.337000-05:00,,
503124,local_only,0,1,False,0,,399423,False,,2026-02-04T16:13:42.295000-05:00,False,,149,False,,25,False,,125253,False,,POINT (-74.1188902 4.6992568),False,,125253,False,,POINT (-74.1188902 4.6992568),False,,3,False,,Wash and Polish,False,,WASH_AND_POLISH,False,,2026-02-24T12:00:00-05:00,False,,2,False,,72261.0,False,,POINT (-74.1089748 4.6597407),False,,,,,,,,,,,,,,,934.0,2026-02-04T16:13:42.384000-05:00,,
503125,local_only,0,1,False,0,,399423,False,,2026-02-04T16:13:42.295000-05:00,False,,149,False,,25,False,,125253,False,,POINT (-74.1188902 4.6992568),False,,125253,False,,POINT (-74.1188902 4.6992568),False,,2,False,,Alfred Transport,False,,VEHICLE_TRANSPORTATION,False,,2026-02-24T12:00:00-05:00,False,,3,False,,,False,,,False,,,,,,,,,,,,,,,,2026-02-04T16:13:42.423000-05:00,,
503383,both,1,1,False,0,399668,399668,False,2026-02-05T08:38:31.384986-05:00,2026-02-05T08:38:31.384000-05:00,False,1,1,False,5,5,False,188384,188384,False,POINT (-75.5914068 6.2315137),POINT (-75.5914068 6.2315137),False,102162,102162,False,POINT (-75.564082 6.2082589),POINT (-75.564082 6.2082589),False,12,12,False,Alfred Initial Transport,Alfred Initial Transport,False,VEHICLE_TRANSPORTATION,VEHICLE_TRANSPORTATION,False,2026-02-24T16:00:00-05:00,2026-02-24T16:00:00-05:00,False,1,1,False,,,False,,,False,REQUESTED,2026-02-24T16:00:00-05:00,MEDELLIN,ANTIOQUIA,resolved,2026-02-24T16:00:00-05:00,4555,,,,,,5,,,2026-02-05T08:38:31.434000-05:00,,
503494,both,1,1,False,0,399777,399777,False,2026-02-05T10:33:40.722587-05:00,2026-02-05T10:33:40.722000-05:00,False,1,1,False,5,5,False,188411,188411,False,POINT (-75.5731243 6.184122800000001),POINT (-75.5731243 6.184122800000001),False,117281,117281,False,POINT (-75.56979539999999 6.2198631),POINT (-75.56979539999999 6.2198631),False,12,12,False,Alfred Initial Transport,Alfred Initial Transport,False,VEHICLE_TRANSPORTATION,VEHICLE_TRANSPORTATION,False,2026-02-19T07:00:00-05:00,2026-02-19T07:00:00-05:00,False,1,1,False,,,False,,,False,REQUESTED,2026-02-19T07:00:00-05:00,MEDELLIN,ANTIOQUIA,resolved,2026-02-19T07:00:00-05:00,5455,,,,,,5,,,2026-02-05T10:33:40.772000-05:00,,
504072,both,1,1,False,0,400326,400326,False,2026-02-06T08:22:37.135256-05:00,2026-02-06T08:22:37.135000-05:00,False,1,1,False,5,5,False,130163,130163,False,POINT (-75.56719989999999 6.188821),POINT (-75.56719989999999 6.188821),False,4852,4852,False,POINT (-75.56991479999999 6.2276503),POINT (-75.56991479999999 6.2276503),False,12,12,False,Alfred Initial Transport,Alfred Initial Transport,False,VEHICLE_TRANSPORTATION,VEHICLE_TRANSPORTATION,False,2026-02-19T11:00:00-05:00,2026-02-19T11:00:00-05:00,False,1,1,False,,,False,,,False,REQUESTED,2026-02-19T11:00:00-05:00,MEDELLIN,ANTIOQUIA,resolved,2026-02-19T11:00:00-05:00,5455,,,,,,5,,,2026-02-06T08:22:37.205000-05:00,,
504105,both,1,1,False,0,400357,400357,False,2026-02-06T08:40:37.945224-05:00,2026-02-06T08:40:37.945000-05:00,False,1,1,False,5,5,False,4852,4852,False,POINT (-75.56991479999999 6.2276503),POINT (-75.56991479999999 6.2276503),False,130163,130163,False,POINT (-75.56719989999999 6.188821),POINT (-75.56719989999999 6.188821),False,12,12,False,Alfred Initial Transport,Alfred Initial Transport,False,VEHICLE_TRANSPORTATION,VEHICLE_TRANSPORTATION,False,2026-02-19T16:00:00-05:00,2026-02-19T16:00:00-05:00,False,1,1,False,,,False,,,False,REQUESTED,2026-02-19T16:00:00-05:00,MEDELLIN,ANTIOQUIA,resolved,2026-02-19T16:00:00-05:00,5455,,,,,,5,,,2026-02-06T08:40:37.993000-05:00,,
504180,both,1,1,True,3,399422,399422,False,2026-02-04T16:12:31.297741-05:00,2026-02-04T16:12:31.297000-05:00,False,149,149,False,25,25,False,125253,125253,False,POINT (-74.1188902 4.6992568),POINT (-74.1188902 4.6992568),False,125253,125253,False,POINT (-74.1188902 4.6992568),POINT (-74.1188902 4.6992568),False,3,3,False,Wash and Polish,Wash and Polish,False,WASH_AND_POLISH,WASH_AND_POLISH,False,2026-02-06T09:00:00-05:00,2026-02-24T09:00:00-05:00,True,1,1,False,,72261.0,True,,POINT (-74.1089748 4.6597407),True,TO_BE_CONFIRMED,2026-02-24T09:00:00-05:00,BOGOTA D.C.,CUNDINAMARCA,resolved,2026-02-06T09:00:00-05:00,,,,934,72261,POINT (-74.1089748 4.6597407),25,,934.0,2026-02-06T09:25:02.339000-05:00,,
506329,both,1,1,False,0,402549,402549,False,2026-02-08T16:19:30.730313-05:00,2026-02-08T16:19:30.730000-05:00,False,1004,1004,False,76,76,False,166327,166327,False,POINT (-76.4960699 3.4665607),POINT (-76.4960699 3.4665607),False,166327,166327,False,POINT (-76.4960699 3.4665607),POINT (-76.4960699 3.4665607),False,12,12,False,Alfred Initial Transport,Alfred Initial Transport,False,VEHICLE_TRANSPORTATION,VEHICLE_TRANSPORTATION,False,2026-02-21T12:00:00-05:00,2026-02-21T12:00:00-05:00,False,1,1,False,,,False,,,False,TO_BE_CONFIRMED,2026-02-21T12:00:00-05:00,CALI,VALLE DEL CAUCA,resolved,2026-02-21T12:00:00-05:00,,,,,,,76,,,2026-02-08T16:19:30.775000-05:00,,
506330,both,1,1,True,3,402549,402549,False,2026-02-08T16:19:30.730313-05:00,2026-02-08T16:19:30.730000-05:00,False,1004,1004,False,76,76,False,166327,166327,False,POINT (-76.4960699 3.4665607),POINT (-76.4960699 3.4665607),False,166327,166327,False,POINT (-76.4960699 3.4665607),POINT (-76.4960699 3.4665607),False,3,3,False,Wash and Polish,Wash and Polish,False,WASH_AND_POLISH,WASH_AND_POLISH,False,2026-02-21T12:30:00-05:00,2026-02-21T12:00:00-05:00,True,2,2,False,,187121.0,True,,POINT (-76.499544 3.441305),True,TO_BE_CONFIRMED,2026-02-21T12:00:00-05:00,CALI,VALLE DEL CAUCA,resolved,2026-02-21T12:30:00-05:00,,,,4402,187121,POINT (-76.499544 3.441305),76,,4402.0,2026-02-08T16:19:30.821000-05:00,,
506331,both,1,1,True,1,402549,402549,False,2026-02-08T16:19:30.730313-05:00,2026-02-08T16:19:30.730000-05:00,False,1004,1004,False,76,76,False,166327,166327,False,POINT (-76.4960699 3.4665607),POINT (-76.4960699 3.4665607),False,166327,166327,False,POINT (-76.4960699 3.4665607),POINT (-76.4960699 3.4665607),False,2,2,False,Alfred Transport,Alfred Transport,False,VEHICLE_TRANSPORTATION,VEHICLE_TRANSPORTATION,False,2026-02-21T13:00:00-05:00,2026-02-21T12:00:00-05:00,True,3,3,False,,,False,,,False,TO_BE_CONFIRMED,2026-02-21T12:00:00-05:00,CALI,VALLE DEL CAUCA,resolved,2026-02-21T13:00:00-05:00,,,,,,,76,,,2026-02-08T16:19:30.861000-05:00,,
506687,both,1,1,False,0,402879,402879,False,2026-02-09T09:45:16.262918-05:00,2026-02-09T09:45:16.262000-05:00,False,1,1,False,5,5,False,96914,96914,False,POINT (-75.5689336 6.214603899999999),POINT (-75.5689336 6.214603899999999),False,4852,4852,False,POINT (-75.56991479999999 6.2276503),POINT (-75.56991479999999 6.2276503),False,12,12,False,Alfred Initial Transport,Alfred Initial Transport,False,VEHICLE_TRANSPORTATION,VEHICLE_TRANSPORTATION,False,2026-02-26T07:00:00-05:00,2026-02-26T07:00:00-05:00,False,1,1,False,,,False,,,False,REQUESTED,2026-02-26T07:00:00-05:00,MEDELLIN,ANTIOQUIA,resolved,2026-02-26T07:00:00-05:00,4555,,,,,,5,,,2026-02-09T09:45:16.313000-05:00,,
506689,both,1,1,False,0,402881,402881,False,2026-02-09T09:45:43.890920-05:00,2026-02-09T09:45:43.890000-05:00,False,1,1,False,5,5,False,4852,4852,False,POINT (-75.56991479999999 6.2276503),POINT (-75.56991479999999 6.2276503),False,96914,96914,False,POINT (-75.5689336 6.214603899999999),POINT (-75.5689336 6.214603899999999),False,12,12,False,Alfred Initial Transport,Alfred Initial Transport,False,VEHICLE_TRANSPORTATION,VEHICLE_TRANSPORTATION,False,2026-02-26T12:30:00-05:00,2026-02-26T12:30:00-05:00,False,1,1,False,,,False,,,False,REQUESTED,2026-02-26T12:30:00-05:00,MEDELLIN,ANTIOQUIA,resolved,2026-02-26T12:30:00-05:00,4555,,,,,,5,,,2026-02-09T09:45:43.938000-05:00,,
506837,both,1,1,False,0,403022,403022,False,2026-02-09T11:34:38.728729-05:00,2026-02-09T11:34:38.728000-05:00,False,149,149,False,25,25,False,186670,186670,False,POINT (-74.0527477 4.6773473),POINT (-74.0527477 4.6773473),False,120432,120432,False,POINT (-74.02471419999999 4.7281137),POINT (-74.02471419999999 4.7281137),False,12,12,False,Alfred Initial Transport,Alfred Initial Transport,False,VEHICLE_TRANSPORTATION,VEHICLE_TRANSPORTATION,False,2026-02-23T13:30:00-05:00,2026-02-23T13:30:00-05:00,False,1,1,False,,,False,,,False,TO_BE_CONFIRMED,2026-02-23T13:30:00-05:00,BOGOTA D.C.,CUNDINAMARCA,resolved,2026-02-23T13:30:00-05:00,2331,,,,,,25,,,2026-02-09T11:34:38.772000-05:00,,
507190,both,1,1,False,0,403356,403356,False,2026-02-09T15:32:23.151669-05:00,2026-02-09T15:32:23.151000-05:00,False,149,149,False,25,25,False,189083,189083,False,POINT (-74.0515964 4.6595701),POINT (-74.0515964 4.6595701),False,17793,17793,False,POINT (-74.05576889999999 4.712595600000001),POINT (-74.05576889999999 4.712595600000001),False,12,12,False,Alfred Initial Transport,Alfred Initial Transport,False,VEHICLE_TRANSPORTATION,VEHICLE_TRANSPORTATION,False,2026-02-19T07:00:00-05:00,2026-02-19T07:00:00-05:00,False,1,1,False,,,False,,,False,TO_BE_CONFIRMED,2026-02-19T07:00:00-05:00,BOGOTA D.C.,CUNDINAMARCA,resolved,2026-02-19T07:00:00-05:00,,,,,,,25,,,2026-02-09T15:32:23.214000-05:00,,
507191,both,1,1,False,0,403357,403357,False,2026-02-09T15:33:10.953819-05:00,2026-02-09T15:33:10.953000-05:00,False,149,149,False,25,25,False,17793,17793,False,POINT (-74.05576889999999 4.712595600000001),POINT (-74.05576889999999 4.712595600000001),False,189083,189083,False,POINT (-74.0515964 4.6595701),POINT (-74.0515964 4.6595701),False,12,12,False,Alfred Initial Transport,Alfred Initial Transport,False,VEHICLE_TRANSPORTATION,VEHICLE_TRANSPORTATION,False,2026-02-19T12:30:00-05:00,2026-02-19T12:30:00-05:00,False,1,1,False,,,False,,,False,TO_BE_CONFIRMED,2026-02-19T12:30:00-05:00,BOGOTA D.C.,CUNDINAMARCA,resolved,2026-02-19T12:30:00-05:00,,,,,,,25,,,2026-02-09T15:33:11.015000-05:00,,
508222,api_only,1,0,False,0,404322,,False,2026-02-10T16:12:37.986248-05:00,,False,149,,False,25,,False,100385,,False,POINT (-74.05466 4.674519399999999),,False,15,,False,POINT (-74.065413 4.759951),,False,12,,False,Alfred Initial Transport,,False,VEHICLE_TRANSPORTATION,,False,2026-02-19T08:00:00-05:00,,False,1,,False,,,False,,,False,TO_BE_CONFIRMED,2026-02-19T08:00:00-05:00,BOGOTA D.C.,CUNDINAMARCA,resolved,2026-02-19T08:00:00-05:00,14671,,,,,,25,,,,,
508560,api_only,1,0,False,0,404649,,False,2026-02-11T08:07:47.155086-05:00,,False,149,,False,25,,False,189399,,False,POINT (-74.08106289999999 4.717616),,False,17793,,False,POINT (-74.05576889999999 4.712595600000001),,False,12,,False,Alfred Initial Transport,,False,VEHICLE_TRANSPORTATION,,False,2026-02-24T08:30:00-05:00,,False,1,,False,,,False,,,False,TO_BE_CONFIRMED,2026-02-24T08:30:00-05:00,BOGOTA D.C.,CUNDINAMARCA,resolved,2026-02-24T08:30:00-05:00,2036,,,,,,25,,,,,
508596,api_only,1,0,False,0,404682,,False,2026-02-11T08:42:42.521581-05:00,,False,1,,False,5,,False,189354,,False,POINT (-75.5860708 6.1515257),,False,4870,,False,POINT (-75.56977909999999 6.2277346),,False,12,,False,Alfred Initial Transport,,False,VEHICLE_TRANSPORTATION,,False,2026-02-19T09:30:00-05:00,,False,1,,False,,,False,,,False,REQUESTED,2026-02-19T09:30:00-05:00,MEDELLIN,ANTIOQUIA,resolved,2026-02-19T09:30:00-05:00,4555,,,,,,5,,,,,
508599,api_only,1,0,False,0,404685,,False,2026-02-11T08:44:43.828644-05:00,,False,1,,False,5,,False,189355,,False,POINT (-75.57970399999999 6.276844199999999),,False,132942,,False,POINT (-75.5856104 6.183108199999999),,False,12,,False,Alfred Initial Transport,,False,VEHICLE_TRANSPORTATION,,False,2026-02-26T07:00:00-05:00,,False,1,,False,,,False,,,False,REQUESTED,2026-02-26T07:00:00-05:00,MEDELLIN,ANTIOQUIA,resolved,2026-02-26T07:00:00-05:00,5455,,,,,,5,,,,,
508732,api_only,1,0,False,0,404812,,False,2026-02-11T10:12:40.026297-05:00,,False,1,,False,5,,False,138933,,False,POINT (-75.5617056 6.190326999999999),,False,4852,,False,POINT (-75.56991479999999 6.2276503),,False,12,,False,Alfred Initial Transport,,False,VEHICLE_TRANSPORTATION,,False,2026-02-19T09:00:00-05:00,,False,1,,False,,,False,,,False,REQUESTED,2026-02-19T09:00:00-05:00,MEDELLIN,ANTIOQUIA,resolved,2026-02-19T09:00:00-05:00,20111,,,,,,5,,,,,
508737,api_only,1,0,False,0,404816,,False,2026-02-11T10:15:46.813975-05:00,,False,1,,False,5,,False,4852,,False,POINT (-75.56991479999999 6.2276503),,False,138933,,False,POINT (-75.5617056 6.190326999999999),,False,12,,False,Alfred Initial Transport,,False,VEHICLE_TRANSPORTATION,,False,2026-02-19T14:30:00-05:00,,False,1,,False,,,False,,,False,REQUESTED,2026-02-19T14:30:00-05:00,MEDELLIN,ANTIOQUIA,resolved,2026-02-19T14:30:00-05:00,20111,,,,,,5,,,,,
508841,api_only,1,0,False,0,404915,,False,2026-02-11T11:32:32.987356-05:00,,False,1,,False,5,,False,189409,,False,POINT (-75.5699944 6.1985059),,False,189410,,False,POINT (-75.5859795 6.183369099999999),,False,12,,False,Alfred Initial Transport,,False,VEHICLE_TRANSPORTATION,,False,2026-02-24T08:00:00-05:00,,False,1,,False,,,False,,,False,REQUESTED,2026-02-24T08:00:00-05:00,MEDELLIN,ANTIOQUIA,resolved,2026-02-24T08:00:00-05:00,4554,,,,,,5,,,,,
508843,api_only,1,0,False,0,404917,,False,2026-02-11T11:33:07.144952-05:00,,False,1,,False,5,,False,189410,,False,POINT (-75.5859795 6.183369099999999),,False,189409,,False,POINT (-75.5699944 6.1985059),,False,12,,False,Alfred Initial Transport,,False,VEHICLE_TRANSPORTATION,,False,2026-02-24T15:00:00-05:00,,False,1,,False,,,False,,,False,REQUESTED,2026-02-24T15:00:00-05:00,MEDELLIN,ANTIOQUIA,resolved,2026-02-24T15:00:00-05:00,4554,,,,,,5,,,,,
508895,api_only,1,0,False,0,404969,,False,2026-02-11T12:03:01.620109-05:00,,False,149,,False,25,,False,179165,,False,POINT (-74.0541428 4.6981932),,False,17793,,False,POINT (-74.05576889999999 4.712595600000001),,False,12,,False,Alfred Initial Transport,,False,VEHICLE_TRANSPORTATION,,False,2026-02-23T08:00:00-05:00,,False,1,,False,,,False,,,False,TO_BE_CONFIRMED,2026-02-23T08:00:00-05:00,BOGOTA D.C.,CUNDINAMARCA,resolved,2026-02-23T08:00:00-05:00,,,,,,,25,,,,,
509076,api_only,1,0,False,0,405142,,False,2026-02-11T14:36:26.001559-05:00,,False,126,,False,8,,False,134073,,False,POINT (-74.8076452 10.9991865),,False,68237,,False,POINT (-74.7997145 11.0215868),,False,12,,False,Alfred Initial Transport,,False,VEHICLE_TRANSPORTATION,,False,2026-02-19T12:00:00-05:00,,False,1,,False,,,False,,,False,REQUESTED,2026-02-19T12:00:00-05:00,BARRANQUILLA,ATLANTICO,resolved,2026-02-19T12:00:00-05:00,71852,,,,,,8,,,,,
509186,api_only,1,0,False,0,405244,,False,2026-02-11T16:35:38.227100-05:00,,False,149,,False,25,,False,189471,,False,POINT (-74.04521629999999 4.6660009),,False,44809,,False,POINT (-74.024388 4.7303983),,False,12,,False,Alfred Initial Transport,,False,VEHICLE_TRANSPORTATION,,False,2026-02-25T11:30:00-05:00,,False,1,,False,,,False,,,False,TO_BE_CONFIRMED,2026-02-25T11:30:00-05:00,BOGOTA D.C.,CUNDINAMARCA,resolved,2026-02-25T11:30:00-05:00,,,,,,,25,,,,,
509205,api_only,1,0,False,0,405263,,False,2026-02-11T17:01:29.750112-05:00,,False,1004,,False,76,,False,145591,,False,POINT (-76.30498659999999 3.5229834),,False,145591,,False,POINT (-76.30498659999999 3.5229834),,False,12,,False,Alfred Initial Transport,,False,VEHICLE_TRANSPORTATION,,False,2026-02-20T12:00:00-05:00,,False,1,,False,,,False,,,False,TO_BE_CONFIRMED,2026-02-20T12:00:00-05:00,CALI,VALLE DEL CAUCA,resolved,2026-02-20T12:00:00-05:00,,,,,,,76,,,,,
509206,api_only,1,0,False,0,405263,,False,2026-02-11T17:01:29.750112-05:00,,False,1004,,False,76,,False,145591,,False,POINT (-76.30498659999999 3.5229834),,False,145591,,False,POINT (-76.30498659999999 3.5229834),,False,3,,False,Wash and Polish,,False,WASH_AND_POLISH,,False,2026-02-20T12:30:00-05:00,,False,2,,False,,,False,,,False,TO_BE_CONFIRMED,2026-02-20T12:00:00-05:00,CALI,VALLE DEL CAUCA,resolved,2026-02-20T12:30:00-05:00,,,,4157,127839,POINT (-76.31507669999999 3.5385042),76,,,,,
509207,api_only,1,0,False,0,405263,,False,2026-02-11T17:01:29.750112-05:00,,False,1004,,False,76,,False,145591,,False,POINT (-76.30498659999999 3.5229834),,False,145591,,False,POINT (-76.30498659999999 3.5229834),,False,2,,False,Alfred Transport,,False,VEHICLE_TRANSPORTATION,,False,2026-02-20T13:00:00-05:00,,False,3,,False,,,False,,,False,TO_BE_CONFIRMED,2026-02-20T12:00:00-05:00,CALI,VALLE DEL CAUCA,resolved,2026-02-20T13:00:00-05:00,,,,,,,76,,,,,
509516,api_only,1,0,False,0,405568,,False,2026-02-12T09:39:12.290131-05:00,,False,149,,False,25,,False,189523,,False,POINT (-74.0640645 4.7358742),,False,17793,,False,POINT (-74.05576889999999 4.712595600000001),,False,12,,False,Alfred Initial Transport,,False,VEHICLE_TRANSPORTATION,,False,2026-02-20T08:00:00-05:00,,False,1,,False,,,False,,,False,TO_BE_CONFIRMED,2026-02-20T08:00:00-05:00,BOGOTA D.C.,CUNDINAMARCA,resolved,2026-02-20T08:00:00-05:00,10500,,,,,,25,,,,,
509661,api_only,1,0,False,0,405711,,False,2026-02-12T11:09:07.729100-05:00,,False,149,,False,25,,False,189553,,False,POINT (-74.01087389999999 4.6889048),,False,2,,False,POINT (-74.028923 4.704466),,False,12,,False,Alfred Initial Transport,,False,VEHICLE_TRANSPORTATION,,False,2026-02-19T07:00:00-05:00,,False,1,,False,,,False,,,False,TO_BE_CONFIRMED,2026-02-19T07:00:00-05:00,BOGOTA D.C.,CUNDINAMARCA,resolved,2026-02-19T07:00:00-05:00,,,,,,,25,,,,,
509753,api_only,1,0,False,0,405800,,False,2026-02-12T12:40:27.844343-05:00,,False,149,,False,25,,False,189589,,False,POINT (-74.1311794 4.6189715),,False,131240,,False,POINT (-74.11450529999999 4.6717962),,False,12,,False,Alfred Initial Transport,,False,VEHICLE_TRANSPORTATION,,False,2026-02-19T09:00:00-05:00,,False,1,,False,,,False,,,False,TO_BE_CONFIRMED,2026-02-19T09:00:00-05:00,BOGOTA D.C.,CUNDINAMARCA,resolved,2026-02-19T09:00:00-05:00,69861,,,,,,25,,,,,
